{"x": [{"ctx": {}, "type": "School", "img": {}, "pos": {"x": 85, "y": 80}, "edgeColor": "orange", "angle": 0, "width": 60, "height": 60, "scaleX": 1, "scaleY": 1}, {"ctx": {}, "type": "Institute", "img": {}, "pos": {"x": 158, "y": 98}, "edgeColor": "orange", "angle": 0, "width": 92, "height": 92, "scaleX": 1, "scaleY": 1}, {"ctx": {}, "type": "Hotel", "img": {}, "pos": {"x": 233, "y": 219}, "edgeColor": "orange", "angle": 0, "width": 60, "height": 60, "scaleX": 1, "scaleY": 1}, {"ctx": {}, "type": "Natural", "img": {}, "pos": {"x": 82, "y": 294}, "edgeColor": "orange", "angle": 0, "width": 60, "height": 60, "scaleX": 1, "scaleY": 1}]}